type,function,line,condition,gm_only,admin_example,player_example,payload_keys,template,notes
access_analysis_blocked,_apply_analysis_action_result,7917,when body.action_type == 'analyze_subsystem' and (not test['success']) and (body.subsystem == 'access') and (not state.get('host_ltg_revealed')),,Access subsystem analysis failed -- the host blocked the discovery attempt. You can try again.,Access subsystem analysis failed -- the host blocked the discovery attempt. You can try again.,,'Access subsystem analysis failed -- the host blocked the discovery attempt. You can try again.',
action,perform_action,8857,always (no local guard),,Analyze Subsystem -- SUCCESS (3 vs 3 successes). Tally +1 -> 5.,Analyze Subsystem -- SUCCESS (Net Successes: 3). Security tally increased.,"host_system_test, action, action_label, subsystem, success, net_successes, target_number, decker_roll, host_roll, tally_increase, tally_total, action_cost, note","f""{action_label} -- {('SUCCESS' if test['success'] else 'FAILED')} ({test['decker_roll']['successes']} vs {test['host_roll']['successes']} successes). {result_detail} Tally +{applied} -> {state['security_tally']}.""",
area_attack,area_attack,11865,always (no local guard),,System alert: . 1 crashed.,System alert: . 1 crashed.,"n_targets, area_penalty, attack_roll, results, crashed",f'{head}: ' + '; '.join(parts) + f'. {crashed_n} crashed.' if parts else head,
armor_wear,_wear_armor,3090,when gm_only,True,GM: Razor Armor worn to 2 by the hit.,(admin-only -- not shown to players),"gm_only, armor_remaining","f""GM: {actor or 'Security decker'} Armor worn to {remaining}"" + (' -- burned out.' if remaining == 0 else ' by the hit.')",
armor_wear,_wear_armor,3096,else of gm_only,,Armor worn to 2 by the hit -- Swap Memory to restore full rating.,Armor worn to 2 by the hit -- Swap Memory to restore full rating.,armor_remaining,f'Armor worn to {remaining} by the hit' + (' -- burned out; Swap Memory a fresh copy.' if remaining == 0 else ' -- Swap Memory to restore full rating.'),
bouncer_completed,_complete_pending_bouncer,5505,always (no local guard),True,(GM) Bouncer upgrade complete: Orange 6.,(admin-only -- not shown to players),gm_only,"f""(GM) Bouncer upgrade complete: {state['host_security_code']} {state['host_security_value']}.""",
bouncer_warning,_run_reactive_activation_sensor_checks,5479,"when roll.get('successes', 0) > 0",,Your Sensors detect that host security is rising.,Your Sensors detect that host security is rising.,,'Your Sensors detect that host security is rising.',
crash_host_aborted,_process_crash_countdown,10073,when abort_roll['successes'] > 0,,Host ABORTED the crash (Security Value 3 vs MPCP 3: 3 successes). IC ratings restored; countdown cancelled.,Host ABORTED the crash (Security Value 3 vs MPCP 3: 3 successes). IC ratings restored; countdown cancelled.,roll,"f""Host ABORTED the crash (Security Value {sec_value} vs MPCP {mpcp}: {_successes(abort_roll['successes'])}). IC ratings restored; countdown cancelled.""",
crash_host_complete,_complete_host_crash,10048,always (no local guard),,HOST SUCCESSFULLY CRASHED -- the system goes down and dumps every online decker. Dump shock: 3 (2 boxes). Run complete.,HOST SUCCESSFULLY CRASHED -- the system goes down and dumps every online decker. Dump shock: 3 (2 boxes). Run complete.,dump_shock,"f""HOST SUCCESSFULLY CRASHED -- the system goes down and dumps every online decker. Dump shock: {dump_shock['final_level']} ({dump_shock['boxes']} boxes). Run complete.""",
crash_host_started,_apply_control_action_result,7973,when body.action_type == 'crash_host' and test['success'],,Crash Host initiated -- host shutdown in 3 turns (3 successes). All IC ratings -2 during the countdown.,Crash Host initiated -- host shutdown in 3 turns (3 successes). All IC ratings -2 during the countdown.,turns,"f""Crash Host initiated -- host shutdown in {turns} turn{('s' if turns != 1 else '')} ({successes} successes). All IC ratings -2 during the countdown.""",
crash_host_tick,_process_crash_countdown,10086,else of cd['turns_remaining'] <= 0,,Host crash countdown: 3 rounds until shutdown (host failed to abort: Security Value 3 vs MPCP 3).,Host crash countdown: 3 rounds until shutdown (host failed to abort: Security Value 3 vs MPCP 3).,turns_remaining,"f""Host crash countdown: {cd['turns_remaining']} round{('s' if cd['turns_remaining'] != 1 else '')} until shutdown (host failed to abort: Security Value {sec_value} vs MPCP {mpcp}).""",
data_bomb,_detonate_data_bomb,4908,always (no local guard),,System alert detonated -- Suppression pending.,System alert detonated -- Suppression pending.,"outcome, damage_level, suppression_id, suppressible",f'{headline} detonated -- {dmg_part}' + (' Suppression pending.' if sup else ''),
data_bomb,_apply_defuse_bomb,5262,when bomb is None,,"No armed data bomb on ""Payroll DB"" to defuse. Detect one first with Analyze Icon on the protected file/device.","No armed data bomb on ""Payroll DB"" to defuse. Detect one first with Analyze Icon on the protected file/device.",outcome,"(f'No armed data bomb on ""{target_file}"" to defuse.' if tgt else 'No armed data bomb detected on this host to defuse.') + ' Detect one first with Analyze Icon on the protected file/device.'",
data_bomb,_apply_defuse_bomb,5307,when decker_succ >= host_succ and decker_succ > 0,,Data bomb on Datastore DEFUSED (opposed Computer Test TN 4 = files 8 - Defuse 3; 3 vs 1). No bomb-rating tally -- no suppression needed.3,Defuse Data Bomb -- SUCCESS (Net Successes: 3). Security tally increased.,"host_system_test, action_label, outcome, success, subsystem, net_successes, target_number, decker_roll, host_roll, tally_increase","f""Data bomb on {btarget} DEFUSED (opposed Computer Test TN {df['tn']} = {subsystem} {subsystem_rating} - Defuse {defuse_rating}; {decker_succ} vs {host_succ}). No bomb-rating tally -- no suppression needed.{tally_note}""",
data_bomb,_apply_defuse_bomb,5320,always (no local guard),,"Defuse FAILED (opposed Computer Test TN 4 = files 8 - Defuse 3; 3 vs 1) -- the data bomb on Datastore stays primed. Try again, or it triggers if you successfully access the protected target.3",Defuse Data Bomb -- FAILED (Net Successes: -1).,"host_system_test, action_label, outcome, success, subsystem, net_successes, target_number, decker_roll, host_roll, tally_increase","f""Defuse FAILED (opposed Computer Test TN {df['tn']} = {subsystem} {subsystem_rating} - Defuse {defuse_rating}; {decker_succ} vs {host_succ}) -- the data bomb on {btarget} stays primed. Try again, or it triggers if you successfully access the protected target.{tally_note}""",
data_bomb_clear,_apply_analyze_icon,5221,else of bomb is not None,,"Analyze Icon on ""Payroll DB"" -- no data bomb detected on this device.","Analyze Icon on ""Payroll DB"" -- no data bomb detected on this device.",subsystem,"f'Analyze Icon on ""{icon_label}"" -- no data bomb detected on this ' + ('file.' if scope == 'files' else 'device.')",
data_bomb_defuse,_apply_defuse_bomb,5288,when df['detonated'],,Defuse Data Bomb botched -- the protected bomb detonates.,Defuse Data Bomb -- FAILED (Net Successes: 3). Security tally increased.,"host_system_test, action_label, outcome, success, subsystem, net_successes, target_number, decker_roll, host_roll, tally_increase",'Defuse Data Bomb botched -- the protected bomb detonates.',
data_bomb_found,_apply_analyze_icon,5210,when bomb is not None,,"Analyze Icon on ""Payroll DB"" -- DATA BOMB detected. Defuse it before you access the device.","Analyze Icon on ""Payroll DB"" -- DATA BOMB detected. Defuse it before you access the device.",subsystem,"f'Analyze Icon on ""{icon_label}"" -- DATA BOMB detected. ' + ('Defuse it before you download or edit the file.' if scope == 'files' else 'Defuse it before you access the device.')",
data_bomb_found,_apply_analysis_action_result,7846,when linked is not None and (not linked.get('discovered')),,Analyze Subsystem -- the Exploding Scramble's linked DATA BOMB is armed on this datastore. Defuse it before you decrypt or download.,Analyze Subsystem -- the Exploding Scramble's linked DATA BOMB is armed on this datastore. Defuse it before you decrypt or download.,subsystem,"""Analyze Subsystem -- the Exploding Scramble's linked DATA BOMB is armed on this datastore. Defuse it before you decrypt or download.""",
data_bomb_found,_apply_analysis_action_result,7870,when body.action_type == 'analyze_subsystem' and test['success'],,Analyze Subsystem -- a DATA BOMB is armed on the Files subsystem. Defuse it before you download or edit a file.,Analyze Subsystem -- a DATA BOMB is armed on the Files subsystem. Defuse it before you download or edit a file.,subsystem,"f'Analyze Subsystem -- a DATA BOMB is armed on the {subsystem.capitalize()} subsystem. Defuse it before you ' + ('download or edit a file.' if subsystem == 'files' else 'log off, transit a trap door, or validate a passcode.')",
data_downloaded,_complete_download,4612,always (no local guard),,"Downloaded ""Payroll DB"" (attack Mp, KEY DATA). Storage used 90 Mp; 2 Mp free.","Downloaded ""Payroll DB"" (attack Mp, KEY DATA). Storage used 90 Mp; 2 Mp free.","file_name, size_mp, is_key, compressed, full_size_mp, storage_used_mp, storage_remaining_mp","f'''Downloaded ""{pd.get('name')}"" ({stored} Mp{(', KEY DATA' if pd.get('is_key') else '')}){comp_note}. Storage used {state['storage_used_mp']} Mp''' + (f'; {remaining} Mp free.' if tracked else '.')",
data_downloaded,_apply_file_action_result,8290,when paydata is not None,,"""Payroll DB"" already downloaded -- no additional storage used.","""Payroll DB"" already downloaded -- no additional storage used.",file_name,"f'''""{paydata.get('name')}"" already downloaded -- no additional storage used.'''",
decker_attack,attack_ic,9326,else of crashed,,Attacked Killer-5: Attack 3 vs Resist 3. Net Successes: 3. Dealt M (2 boxes). IC: 2/10,Attacked Killer: Attack 3 vs Resist 3. Net Successes: 3. Dealt M (2 boxes). IC: 2/10,"ic_id, attack_roll, resist_roll, net_successes, final_damage_level, boxes, ic_boxes","f""Attacked {target_ic['type']}-{target_ic['rating']}: Attack {attack_roll['successes']} vs Resist {resist_roll['successes']}. Net Successes: {net_successes}. "" + ('Target resisted all damage.' if boxes <= 0 else f'Dealt {final_dmg} ({boxes} boxes).') + f"" IC: {target_ic['boxes']}/10""",
decker_attack,attack_enemy_decker,11604,always (no local guard),,Attack -- Enemy Decker (Razor) resists your crippler; Bod holds.,Attack -- Enemy Decker (Razor) resists your crippler; Bod holds.,"success, enemy_id, decker_roll",f'{label} -- {_enemy_display_name(enemy)} resists your crippler; {attr.title()} holds.',
decker_crippled,attack_enemy_decker,11452,when body.program in _PROGRAM_ATTR,,Attack -- Enemy Decker (Razor) resists your crippler; Bod holds.,Attack -- Enemy Decker (Razor) resists your crippler; Bod holds.,"success, enemy_id, program, attribute, reduction, enemy_attr_value, decker_roll",f'{label} -- {_enemy_display_name(enemy)} resists your crippler; {attr.title()} holds.',
decker_hog,attack_enemy_decker,11412,when body.program == 'hog',,Attack -- Enemy Decker (Razor) resists your crippler; Bod holds.,Attack -- Enemy Decker (Razor) resists your crippler; Bod holds.,"outcome, success, enemy_id, program, attack_roll",f'{label} -- {_enemy_display_name(enemy)} resists your crippler; {attr.title()} holds.',
decker_lethal,attack_enemy_decker,11529,"when body.program in ('black_hammer', 'killjoy')",,"Attack -- you drive lethal physical biofeedback into Enemy Decker (Razor): icon M (2 boxes), physical M (2). Enemy persona 3/10, physical 2/10.","Attack -- you drive lethal physical biofeedback into Enemy Decker (Razor): icon M (2 boxes), physical M (2). Enemy persona 3/10, physical 2/10.","outcome, success, enemy_id, program, damage_kind, program_rating, boxes, meat_boxes, decker_roll","f""{label} -- you drive lethal {dmg_kind} biofeedback into {_enemy_display_name(enemy)}: icon {black['icon']['final_damage_level']} ({boxes} boxes), {meat_kind} {black['meat']['final_damage_level']} ({meat_boxes}). Enemy persona {ecm['persona_boxes']}/10, {meat_kind} {meat_val}/10.{clamp_note}""",
decker_lethal,attack_enemy_decker,11562,when meat_full or icon_crashed,,burned3,burned3,"outcome, success, enemy_id, program, damage_kind, program_rating, mpcp_reduction, mpcp_roll, enemy_outcome",fate + mpcp_note,
decoy_deployed,_apply_control_action_result,8038,when body.action_type == 'decoy' and test['success'],,"Decoy deployed with 3 successes. Each proactive IC attack: roll 1D6 -- if result <= successes, IC hits decoy (10-box CM).","Decoy deployed with 3 successes. Each proactive IC attack: roll 1D6 -- if result <= successes, IC hits decoy (10-box CM).",successes,"f'Decoy deployed with {_successes(successes)}. Each proactive IC attack: roll 1D6 -- if result <= successes, IC hits decoy (10-box CM).'",
decoy_intercepted,_decoy_intercept,5113,always (no local guard),,D6=4 <= 2 -- Killer-5 hits DECOY! 1 (3 boxes). Decoy: 0/10 -- DECOY DESTROYED.,D6=4 <= 2 -- Killer hits DECOY! 1 (3 boxes). Decoy: 0/10 -- DECOY DESTROYED.,"ic_id, ic_type, ic_rating, d6, attack_roll, decoy_boxes, decoy_destroyed","f""D6={d6} <= {decoy_succ} -- {ic['type']}-{ic['rating']} hits DECOY! {decoy_staged} ({decoy_boxes} boxes). Decoy: {min(state.get('decoy_hp', 0), 10)}/10"" + (' -- DECOY DESTROYED.' if decoy_destroyed else '')",
decrypt,_apply_direct_action,8489,when scramble is None,,No discovered scramble on that target -- Analyze the Files/Slave subsystem first.,No discovered scramble on that target -- Analyze the Files/Slave subsystem first.,success,'No discovered scramble on that target -- Analyze the Files/Slave subsystem first.',
decrypt,_apply_direct_action,8516,when linked_bomb is not None,,Scramble decrypted -- but its linked data bomb DETONATES (you did not defuse it first).,Scramble decrypted -- but its linked data bomb DETONATES (you did not defuse it first).,"success, decker_roll","'Scramble decrypted -- but its linked data bomb DETONATES (you did not defuse it first).' if decrypted else ""Decrypt FAILED -- and the Exploding Scramble's linked data bomb DETONATES.""",
decrypt,_apply_direct_action,8533,else of linked_bomb is not None,,Scramble decrypted -- protected data accessible.,Scramble decrypted -- protected data accessible.,"success, decker_roll",'Scramble decrypted -- protected data accessible.' if decrypted else 'Decrypt failed -- the Scramble holds. Try again.',
decrypt,_apply_direct_action,8548,when decrypted,,Scramble decrypted -- protected data accessible.,Scramble decrypted -- protected data accessible.,"success, decker_roll",'Scramble decrypted -- protected data accessible.',
decrypt,_apply_direct_action,8570,always (no local guard),,POISON Scramble triggered on the failed decrypt -- the ENTIRE Files datastore is wiped. Every protected file is destroyed and cannot be recovered.,POISON Scramble triggered on the failed decrypt -- the ENTIRE Files datastore is wiped. Every protected file is destroyed and cannot be recovered.,"success, decker_roll, key_data_lost, data_destroyed, file_name, files_destroyed",'POISON Scramble triggered on the failed decrypt -- the ENTIRE Files datastore is wiped. Every protected file is destroyed and cannot be recovered.' if entire and destroyed else consequence['message'],
defense_pending,_park_pending_defense,6914,always (no local guard),,"Attack strikes your icon -- 0 successes, Power 6. Allocate Hacking Pool dice to resist (or defend with none).","Attack strikes your icon -- 0 successes, Power 6. Allocate Hacking Pool dice to resist (or defend with none).","ic_id, ic_type, ic_rating, attack_roll, hp_available","f""{label} strikes your icon -- {_successes(to_hit.get('successes', 0))}, Power {power}. Allocate Hacking Pool dice to resist (or defend with none).""",
dinab_attack,_dinab_attack_ic,4466,always (no local guard),,"DINAB Attack-5 hits Killer-5: M (2 boxes), IC 2/10.","DINAB Attack hits Killer-5: M (2 boxes), IC 2/10.","ic_id, success, decker_roll","f""DINAB Attack-{eff} hits {target_ic['type']}-{target_ic['rating']}: {final_dmg} ({boxes} boxes), IC {target_ic['boxes']}/10.""",
dinab_attack,_dinab_strike_decker,4497,when util in _PROGRAM_ATTR,,Enemy Decker (Razor) resisted your DINAB Attack.,Enemy Decker (Razor) resisted your DINAB Attack.,"enemy_id, utility, success, decker_roll",f'{_enemy_display_name(enemy)} resisted your DINAB {util.title()}.',
dinab_attack,_dinab_strike_decker,4517,when util == 'hog',,DINAB Hog-5 fails to take hold on Enemy Decker (Razor) this pass.,DINAB Hog-5 fails to take hold on Enemy Decker (Razor) this pass.,"enemy_id, utility, success, decker_roll",f'DINAB Hog-{eff} fails to take hold on {_enemy_display_name(enemy)} this pass.',
dinab_attack,_dinab_strike_decker,4539,always (no local guard),,DINAB attack fully resisted. DINAB rating reduced as enemy learns attack patterns!,DINAB attack fully resisted. DINAB rating reduced as enemy learns attack patterns!,"enemy_id, utility, success, decker_roll",'DINAB attack fully resisted. DINAB rating reduced as enemy learns attack patterns!',
dinab_crashed,_crash_dinab,4267,always (no local guard),,The DINAB-driven Attack rolled all 1s and its executing copy CRASHED -- use another active copy or reload one via Swap Memory before running it autonomously again.,The DINAB-driven Attack rolled all 1s and its executing copy CRASHED -- use another active copy or reload one via Swap Memory before running it autonomously again.,utility,f'The DINAB-driven {_action_label(key)} rolled all 1s and its executing copy CRASHED -- use another active copy or reload one via Swap Memory before running it autonomously again.',
dinab_degraded,_dinab_resolve_failure,4285,else of all_ones,,The DINAB-driven Attack failed -- its rating drops 1 (now 0).,The DINAB-driven Attack failed -- its rating drops 1 (now 0).,utility,"f'The DINAB-driven {_action_label(util)} failed -- its rating drops 1 (now {_effective_dinab(decker, state, util)}).'",
dinab_op,_dinab_operate,4362,always (no local guard),,DINAB Attack-5 runs the files subsystem itself -- SUCCESS (3 vs 3). Tally +1 -> 5.,DINAB Attack-5 runs the files subsystem itself -- SUCCESS (Net Successes: 3). Security tally increased.,"host_system_test, action_label, utility, subsystem, success, net_successes, target_number, decker_roll, host_roll, tally_increase, tally_total","f""DINAB {_action_label(util)}-{eff} runs the {subsystem} subsystem itself -- {('SUCCESS' if test['success'] else 'FAILED')} ({dr['successes']} vs {test['host_roll']['successes']}). Tally +{test['tally_increase']} -> {state['security_tally']}.""",
download_corrupted,_corrupt_active_download,4654,always (no local guard),,"Transfer of ""Payroll DB"" interrupted before completion -- the partial copy is corrupted and worthless. No data recovered.","Transfer of ""Payroll DB"" interrupted before completion -- the partial copy is corrupted and worthless. No data recovered.",file_name,"f'''Transfer of ""{dl.get('file')}"" interrupted before completion -- the partial copy is corrupted and worthless. No data recovered.'''",
download_started,_apply_file_action_result,8275,else of turns <= 1,,"Began downloading ""Payroll DB"" (attack Mp) at 10 Mp/turn -- about 3 Combat Turns. The deck auto-runs a Null Operation each turn until it completes; only Free actions are available until then. Logging off or a host crash before it finishes corrupts the file.","Began downloading ""Payroll DB"" (attack Mp) at 10 Mp/turn -- about 3 Combat Turns. The deck auto-runs a Null Operation each turn until it completes; only Free actions are available until then. Logging off or a host crash before it finishes corrupts the file.","file_name, size_mp, turns_total, turns_left","f'''Began downloading ""{paydata.get('name')}"" ({stored} Mp) at {io_speed} Mp/turn -- about {turns} Combat Turns. The deck auto-runs a Null Operation each turn until it completes; only Free actions are available until then. Logging off or a host crash before it finishes corrupts the file.'''",
dump_shock,_resolve_ic_cybercombat,7074,when not ds.get('immune'),,Dump shock: 3 (2 boxes stun). Stun: 2,Dump shock: 3 (2 boxes stun). Stun: 2,dump_shock,"f""Dump shock: {ds['final_level']} ({ds['boxes']} boxes stun). Stun: {state['condition_monitor']['stun_boxes']}""",
enemy_decker,_enemy_medic_heal,3278,always (no local guard),,"Razor attempts to repair damage to their icon, but it fails.","Razor attempts to repair damage to their icon, but it fails.","outcome, enemy_id","f'{name} attempts to repair damage to their icon, but it fails.'",
enemy_decker,_enemy_nerve_check,3301,when random.random() < flee_chance,,"Enemy Decker (Razor) is wounded (2/10) and its nerve breaks -- it jacks out, abandoning the hunt.","Enemy Decker (Razor) is wounded (2/10) and its nerve breaks -- it jacks out, abandoning the hunt.","outcome, enemy_id","f'{_enemy_display_name(enemy)} is wounded ({boxes}/10) and its nerve breaks -- it jacks out, abandoning the hunt.'",
enemy_decker,_enemy_restore_repair,3603,always (no local guard),,"Razor attempts to repair damage to their BOD, but it fails.","Razor attempts to repair damage to their BOD, but it fails.","outcome, enemy_id","f'{name} attempts to repair damage to their {attr.upper()}, but it fails.'",
enemy_decker,_apply_locate_decker,5913,when not evaded,,Index sweep for evaded icons -- no decker has slipped your sensors to re-locate.,Index sweep for evaded icons -- no decker has slipped your sensors to re-locate.,outcome,'Index sweep for evaded icons -- no decker has slipped your sensors to re-locate.',
enemy_decker,_apply_locate_decker,5919,when not test_success,,Index sweep failed -- you can't re-acquire the decker that evaded you this pass.,Index sweep failed -- you can't re-acquire the decker that evaded you this pass.,outcome,"""Index sweep failed -- you can't re-acquire the decker that evaded you this pass.""",
enemy_decker,_apply_locate_decker,5941,when found,,Re-acquired evaded decker(s): Payroll DB. You can Strike Back.,Re-acquired evaded decker(s): Payroll DB. You can Strike Back.,"outcome, enemy_id",f'Re-acquired evaded decker(s): {names}. You can Strike Back.',
enemy_decker,_apply_locate_decker,5946,else of found,,Index sweep ran clean but your Sensor pass couldn't re-acquire the evaded decker -- try again next pass.,Index sweep ran clean but your Sensor pass couldn't re-acquire the evaded decker -- try again next pass.,outcome,"""Index sweep ran clean but your Sensor pass couldn't re-acquire the evaded decker -- try again next pass.""",
enemy_decker,_drain_all_hog_infections,10883,when target.id == 'pc',,Hog-5 virus drains your deck: 2.,Hog-5 virus drains your deck: 2.,outcome,"f""Hog-{inf.get('rating')} virus drains your deck: {frag}.""",
enemy_decker,_drain_all_hog_infections,10888,else of target.id == 'pc',True,GM: your Hog virus drains Payroll DB's program: 2.,(admin-only -- not shown to players),"outcome, enemy_id, gm_only","f""GM: your Hog virus drains {target.name}'s program: {frag}.""",
enemy_decker,_enemy_purge_hog,10931,when purge['purged'],,Enemy Decker (Razor) purges your Hog-5 virus off its deck -- it will reload the crashed program from storage next.,Enemy Decker (Razor) purges your Hog-5 virus off its deck -- it will reload the crashed program from storage next.,"outcome, enemy_id","f""{_enemy_display_name(enemy)} purges your Hog-{inf.get('rating')} virus off its deck -- it will reload the crashed program from storage next.""",
enemy_decker,_enemy_purge_hog,10939,else of purge['purged'],True,GM: Security Decker (Razor) tries to purge your Hog-5 (TN 4) but fails -- the virus keeps draining it.,(admin-only -- not shown to players),"outcome, enemy_id, gm_only","f""GM: {_enemy_gm_name(enemy)} tries to purge your Hog-{inf.get('rating')} (TN {purge['tn']}) but fails -- the virus keeps draining it.""",
enemy_decker,_enemy_swap_reload,10964,when restored,,Enemy Decker (Razor) reloads Attack from storage (Swap Memory) -- its programs are back to full strength.,Enemy Decker (Razor) reloads Attack from storage (Swap Memory) -- its programs are back to full strength.,"outcome, enemy_id",f'{_enemy_display_name(enemy)} reloads {pretty} from storage (Swap Memory) -- its programs are back to full strength.',
enemy_decker,_enemy_scan_pc,10992,always (no local guard),,Enemy Decker (Razor) runs an Analyze on your icon -- it now has your Attack pegged as the soft spot and moves to exploit it.,Enemy Decker (Razor) runs an Analyze on your icon -- it now has your Attack pegged as the soft spot and moves to exploit it.,"outcome, enemy_id",f'{_enemy_display_name(enemy)} runs an Analyze on your icon -- it now has your {weakest.title()} pegged as the soft spot and moves to exploit it.',
enemy_decker,_enemy_decker_take_turn,11046,when boxes <= _ENEMY_REENGAGE_BOXES,True,GM: Security Decker (Razor) has patched its icon to 2/10 and drops its hide to resume the hunt.,(admin-only -- not shown to players),"outcome, enemy_id, gm_only",f'GM: {_enemy_gm_name(enemy)} has patched its icon to {boxes}/10 and drops its hide to resume the hunt.',
enemy_decker,_enemy_decker_take_turn,11073,when first_contact,,"ALERT -- a hostile decker (Enemy Decker (Razor)) is hunting your icon. Evade (Relocate/Redirect), log off, or strike first.","ALERT -- a hostile decker (Enemy Decker (Razor)) is hunting your icon. Evade (Relocate/Redirect), log off, or strike first.","outcome, enemy_id","f'ALERT -- a hostile decker ({_enemy_display_name(enemy)}) is hunting your icon. Evade (Relocate/Redirect), log off, or strike first.'",
enemy_decker,_enemy_decker_take_turn,11082,when loc['located'],,Enemy Decker (Razor) has pinpointed your icon's position.,Enemy Decker (Razor) has pinpointed your icon's position.,"outcome, enemy_id","f""{_enemy_display_name(enemy)} has pinpointed your icon's position.""",
enemy_decker,_enemy_decker_take_turn,11087,else of loc['located'],True,Enemy Decker (Razor) keeps searching but has not pinpointed your icon this pass.,(admin-only -- not shown to players),"outcome, enemy_id, gm_only",f'{_enemy_display_name(enemy)} keeps searching but has not pinpointed your icon this pass.',
enemy_decker,_enemy_decker_take_turn,11113,when boxes >= 10,,Enemy Decker (Razor)'s icon is crashing (2/10) -- it is dumped from the host.,Enemy Decker (Razor)'s icon is crashing (2/10) -- it is dumped from the host.,"outcome, enemy_id","f""{_enemy_display_name(enemy)}'s icon is crashing ({boxes}/10) -- it is dumped from the host.""",
enemy_decker,_enemy_decker_take_turn,11198,when program == 'Hog',,Enemy Decker (Razor) hits your icon with attack-6M -- M (2 boxes). Persona 3/10.,Enemy Decker (Razor) hits your icon with attack-6M -- M (2 boxes). Persona 3/10.,"outcome, enemy_id, program, attack_roll","f""{_enemy_display_name(enemy)} hits your icon with {program}-{power}{_atk_letter} -- {atk['resistance']['final_damage_level']} ({boxes} boxes). Persona {cm['persona_boxes']}/10.""",
enemy_decker,_enemy_decker_take_turn,11222,"when program in ('Poison', 'Restrict', 'Reveal')",,Enemy Decker (Razor) hits your icon with attack-6M -- M (2 boxes). Persona 3/10.,Enemy Decker (Razor) hits your icon with attack-6M -- M (2 boxes). Persona 3/10.,"outcome, enemy_id, program, attack_roll","f""{_enemy_display_name(enemy)} hits your icon with {program}-{power}{_atk_letter} -- {atk['resistance']['final_damage_level']} ({boxes} boxes). Persona {cm['persona_boxes']}/10.""",
enemy_decker,_enemy_decker_take_turn,11290,"else of program in ('Poison', 'Restrict', 'Reveal')",,Enemy Decker (Razor) hits your icon with attack-6M -- M (2 boxes). Persona 3/10.,Enemy Decker (Razor) hits your icon with attack-6M -- M (2 boxes). Persona 3/10.,"outcome, enemy_id, program, attack_roll","f""{_enemy_display_name(enemy)} hits your icon with {program}-{power}{_atk_letter} -- {atk['resistance']['final_damage_level']} ({boxes} boxes). Persona {cm['persona_boxes']}/10.""",
enemy_decker_injected,_spawn_enemy_decker,2209,always (no local guard),True,"GM: Security Decker (Razor) (Computer 6, Attack-<attack>) dispatched to hunt the intruder.",(admin-only -- not shown to players),"gm_only, enemy_id","f""GM: {_enemy_gm_name(enemy)} (Computer {enemy['computer_skill']}, Attack-{enemy['utilities']['attack']}) dispatched to hunt the intruder.""",
enemy_shield_parry,_enemy_shield_parry,2951,always (no local guard),True,"GM: Security Decker (Razor) Shield-5 parries the the operation hit -- 3 successes (TN 3), worn to 2.",(admin-only -- not shown to players),"gm_only, enemy_id, context, shield_rating, shield_remaining, successes, roll","f""GM: {_enemy_gm_name(enemy)} Shield-{rating} parries the {context} hit -- {succ} success{('' if succ == 1 else 'es')} (TN {res['tn']}), worn to {remaining}.""",
file_decompressed,_apply_decompress,4745,when not name or entry is None,,"Decompress: no compressed file ""Razor"" in storage to expand.","Decompress: no compressed file ""Razor"" in storage to expand.",outcome,"f'Decompress: no compressed file ""{name}"" in storage to expand.' if name else 'Decompress: name a compressed downloaded file to expand.'",
file_decompressed,_apply_decompress,4788,always (no local guard),,"Decompressed ""Payroll DB"" -> 0 Mp (storage untracked).","Decompressed ""Payroll DB"" -> 0 Mp (storage untracked).","outcome, file_name, size_mp, storage_used_mp, storage_remaining_mp","f'''Decompressed ""{entry.get('name')}"" -> {full} Mp (storage untracked).'''",
file_deleted,_apply_file_action_result,8243,else of (body.edit_mode or 'erase').strip().lower() == 'modify',,"File ""Payroll DB"" erased from the host -- the data is gone.","File ""Payroll DB"" erased from the host -- the data is gone.",file_name,"f'''File ""{paydata.get('name')}"" erased from the host -- the data is gone.'''",
file_located,_apply_file_action_result,8200,when targets,,Target file located: .,Target file located: .,files,"'Target file located: ' + ', '.join(parts) + '.'",
file_located,_apply_file_action_result,8206,else of targets,,Search complete -- no target file found for that search goal.,Search complete -- no target file found for that search goal.,,'Search complete -- no target file found for that search goal.',
file_modified,_apply_file_action_result,8233,when (body.edit_mode or 'erase').strip().lower() == 'modify',,"File ""Payroll DB"" altered on the host -- the owner's copy is now corrupted/falsified.","File ""Payroll DB"" altered on the host -- the owner's copy is now corrupted/falsified.",file_name,"f'''File ""{paydata.get('name')}"" altered on the host -- the owner's copy is now corrupted/falsified.'''",
host_analyzed,_apply_analyze_host,4977,when hidden_count == 0,,Analyze Host -- all subsystem ratings already known.,Analyze Host -- all subsystem ratings already known.,revealed,'Analyze Host -- all subsystem ratings already known.',
host_analyzed,_apply_analyze_host,4994,when successes >= 6 or successes >= hidden_count,,Analyze Host -- revealed.,Analyze Host -- revealed.,revealed,"'Analyze Host -- ' + ', '.join((f""{d['subsystem'].capitalize()} {d['rating']}"" for d in newly)) + ' revealed.'",
host_analyzed,_apply_analyze_host,5011,always (no local guard),,Analyze Host succeeded -- choose Files 8 subsystem rating(s) to reveal.,Analyze Host succeeded -- choose Files 8 subsystem rating(s) to reveal.,revealed,f'Analyze Host succeeded -- choose {reveals} subsystem rating(s) to reveal.',
host_analyzed,_reveal_host_ratings,5075,always (no local guard),,Analyze Host -- revealed.,Analyze Host -- revealed.,revealed,"'Analyze Host -- ' + ', '.join((f'{nm.capitalize()} {rt}' for nm, rt in result)) + ' revealed.'",
host_ltg_revealed,_apply_analysis_action_result,7892,when address,,Access subsystem analyzed -- this host HAS dedicated LTG access at NA/UCAS-SEA-1234.,Access subsystem analyzed -- this host HAS dedicated LTG access at NA/UCAS-SEA-1234.,"has_ltg, ltg_address",f'Access subsystem analyzed -- this host HAS dedicated LTG access at {address}.',
host_ltg_revealed,_apply_analysis_action_result,7902,else of address,,Access subsystem analyzed -- this host has NO LTG access (reachable only via a direct line or trap door).,Access subsystem analyzed -- this host has NO LTG access (reachable only via a direct line or trap door).,has_ltg,'Access subsystem analyzed -- this host has NO LTG access (reachable only via a direct line or trap door).',
ic_activation,_spawn_trap_hidden,9106,always (no local guard),,TRAP TRIGGERED -- hidden Killer-5 revealed! (initiative 12),TRAP TRIGGERED -- hidden Killer revealed! (initiative 12),"ic_id, ic_type, ic_rating, is_trap_reveal",f'TRAP TRIGGERED -- hidden {h_type}-{h_rating} revealed! (initiative {new_init})',
ic_analyzed,_apply_analysis_action_result,7762,when scramble is not None,,Scramble analyzed -- Rating 0 (the Decrypt target number).,Scramble analyzed -- Rating 0 (the Decrypt target number).,,"f""Scramble analyzed -- Rating {int(scramble.get('rating', 0) or 0)} (the Decrypt target number).""",
ic_analyzed,_apply_analysis_action_result,7781,when target is not None,,IC analyzed: Killer Rating 5 revealed.,IC analyzed: Killer revealed.,"ic_id, ic_type, ic_rating","f""IC analyzed: {target['type']} Rating {target['rating']} revealed.""",
ic_attack,_resolve_ic_cybercombat,6983,always (no local guard),,Killer-5 attacks: 3 attack successes vs 3 resist. Net Successes: 3. Damage: M (2 boxes). Persona: 3/10,Killer attacks: 3 attack successes vs 3 resist. Net Successes: 3. Damage: M (2 boxes). Persona: 3/10,"ic_id, ic_type, ic_rating, attack_roll, resist_roll, net_successes, final_damage_level, boxes, persona_total","f""{('Construct ' if ic['type'] == 'Construct' else '')}{effect_type}-{effect_rating} attacks: {attack['attack_roll']['successes']} attack successes vs {attack['resistance']['resist_roll']['successes']} resist. Net Successes: {net_successes}. Damage: {final_dmg} ({boxes} box{('es' if boxes != 1 else '')}). Persona: {state['condition_monitor']['persona_boxes']}/10""",
ic_attack,_resolve_ic_cybercombat,7034,when effect_type == 'Blaster',,Blaster post-crash MPCP test (TN 4): 3 hits -> MPCP -1 (permanent).,Blaster post-crash MPCP test (TN 4): 3 hits -> MPCP -1 (permanent).,"ic_id, ic_type, blaster_roll, mpcp_damage","f""Blaster post-crash MPCP test (TN {b_roll['tn']}): {b_roll['successes']} hits -> MPCP -{mpcp_hit} (permanent).""",
ic_attack,_resolve_ic_cybercombat,7057,when effect_type == 'Sparky',,Sparky discharge on crash (TN 4): MPCP -1 (perm). Body resist (2 hits): M (2 boxes physical).,Sparky discharge on crash (TN 4): MPCP -1 (perm). Body resist (2 hits): M (2 boxes physical).,"ic_id, ic_type, sparky_roll, body_roll, mpcp_damage, physical_damage","f""Sparky discharge on crash (TN {s_roll['tn']}): MPCP -{mpcp_hit} (perm). Body resist ({sparky_body['successes']} hits): {sparky_final} ({sparky_boxes} boxes physical).""",
ic_attack,_advance_npc_pass,7256,when hunt['hit'],,Killer-5 HUNT CYCLE succeeded (3 successes) -- it now switches to its LOCATION CYCLE: 3 rounds to complete the trace.,Killer HUNT CYCLE succeeded (3 successes) -- it now switches to its LOCATION CYCLE: 3 rounds to complete the trace.,"ic_id, ic_type, ic_rating, trace_phase, hunt_roll","f""{acting_type}-{acting_rating} HUNT CYCLE succeeded ({_successes(hunt_successes)}) -- it now switches to its LOCATION CYCLE: {locate_turns} round{('s' if locate_turns != 1 else '')} to complete the trace.""",
ic_attack,_advance_npc_pass,7268,else of hunt['hit'],,Killer-5 HUNT CYCLE: searching for your datatrail... (3 hits vs TN 4),Killer HUNT CYCLE: searching for your datatrail... (3 hits vs TN 4),"ic_id, ic_type, ic_rating, trace_phase, hunt_roll","f""{acting_type}-{acting_rating} HUNT CYCLE: searching for your datatrail... ({hunt['roll']['successes']} hits vs TN {trace_tn})""",
ic_attack,_advance_npc_pass,7282,"when ic.get('trace_spoofed_turn') == state.get('current_turn', 1)",,Killer-5 LOCATION CYCLE SPOOFED this turn -- no trace progress.,Killer LOCATION CYCLE SPOOFED this turn -- no trace progress.,"ic_id, ic_type, ic_rating, trace_phase",f'{acting_type}-{acting_rating} LOCATION CYCLE SPOOFED this turn -- no trace progress.',
ic_attack,_advance_npc_pass,7304,when state.get('physical_trace_immune'),,"Killer: Satellite jackpoint located, but the decker's PHYSICAL LOCATION is protected (satellite uplink) -- no physical security can be dispatched. Proactive IC now hit at -1 TN; every further tally increase +1.","Killer: Satellite jackpoint located, but the decker's PHYSICAL LOCATION is protected (satellite uplink) -- no physical security can be dispatched. Proactive IC now hit at -1 TN; every further tally increase +1.","ic_id, ic_type, ic_rating, trace_action, physical_trace_immune, traces_completed","f""{acting_type}: Satellite jackpoint located, but the decker's PHYSICAL LOCATION is protected (satellite uplink) -- no physical security can be dispatched. Proactive IC now hit at -1 TN; every further tally increase +1.""",
ic_attack,_advance_npc_pass,7318,else of state.get('physical_trace_immune'),,Killer: Jackpoint TRACED -- physical location reported to system operator. Proactive IC now hit at -1 TN; every further tally increase +1.,Killer: Jackpoint TRACED -- physical location reported to system operator. Proactive IC now hit at -1 TN; every further tally increase +1.,"ic_id, ic_type, ic_rating, trace_action, traces_completed",f'{acting_type}: Jackpoint TRACED -- physical location reported to system operator. Proactive IC now hit at -1 TN; every further tally increase +1.',
ic_attack,_advance_npc_pass,7333,else of remaining <= 0,,Killer-5 LOCATION CYCLE: 2 rounds to trace completion.,Killer LOCATION CYCLE: 2 rounds to trace completion.,"ic_id, ic_type, ic_rating, trace_phase","f""{acting_type}-{acting_rating} LOCATION CYCLE: {remaining} round{('s' if remaining != 1 else '')} to trace completion.""",
ic_attack,_advance_npc_pass,7410,"when ic_subtype in ('crippler', 'ripper')",,Killer-5 Construct component vs BOD: 3 attack / 3 total defense (3 persona + 3 Shield). Net Successes: 3. Defense Margin: 3. BOD -3.,Killer vs BOD: 3 attack / 3 total defense (0 persona + 3 Shield). Net Successes: 3. Defense Margin: 3. BOD -3.,"ic_id, ic_type, ic_rating, attack_roll, defense_roll, attack_successes, defense_successes, shield_successes, net_successes, defense_margin, attribute_target, attribute_reduction",f'{acting_type}-{acting_rating} Construct component vs {attr_key.upper()}: {atk_succ} attack / {total_defense} total defense ({def_succ} persona + {shield_succ} Shield). Net Successes: {net_succ}. Defense Margin: {defense_margin}. {attr_key.upper()} -{reduction}.',
ic_attack,_advance_npc_pass,7481,when is_non_lethal,,Black IC (non-lethal) 5: 3 atk successes. Bod resist: M (3 persona). Willpower resist: M (2 stun). Persona: 3/10 Stun: 2/10,Black IC (non-lethal) 5: 3 atk successes. Bod resist: M (3 persona). Willpower resist: M (2 stun). Persona: 3/10 Stun: 2/10,"ic_id, ic_type, ic_rating, attack_roll, bod_roll, will_roll, persona_damage, stun_damage, stun_boxes","f""Black IC (non-lethal) {ic['rating']}: {black['attack_roll']['successes']} atk successes. Bod resist: {black['icon']['final_damage_level']} ({persona_boxes} persona). Willpower resist: {black['meat']['final_damage_level']} ({meat_boxes} stun). Persona: {state['condition_monitor']['persona_boxes']}/10 Stun: {state['condition_monitor']['stun_boxes']}/10""",
ic_attack,_advance_npc_pass,7502,else of is_non_lethal,,Black IC (lethal) 5: 3 atk successes. Body resist: M (2 phys). Bod resist: M (3 persona). Physical: 0/10 Persona: 3/10,Black IC (lethal) 5: 3 atk successes. Body resist: M (2 phys). Bod resist: M (3 persona). Physical: 0/10 Persona: 3/10,"ic_id, ic_type, ic_rating, attack_roll, body_roll, bod_roll, physical_damage, persona_damage","f""Black IC (lethal) {ic['rating']}: {black['attack_roll']['successes']} atk successes. Body resist: {black['meat']['final_damage_level']} ({meat_boxes} phys). Bod resist: {black['icon']['final_damage_level']} ({persona_boxes} persona). Physical: {state['condition_monitor']['physical_boxes']}/10 Persona: {state['condition_monitor']['persona_boxes']}/10""",
ic_attack,_advance_npc_pass,7533,when phys_full or stun_full,,Black IC MPCP attack at 2x rating: MPCP -1 (permanent).,Black IC MPCP attack at 2x rating: MPCP -1 (permanent).,"ic_id, ic_type, mpcp_roll, mpcp_damage",f'Black IC MPCP attack at 2x rating: MPCP -{mpcp_hit} (permanent).',
ic_attack,_black_ic_final_attack,11997,always (no local guard),,Black IC 5 lands one final attack as you jack out: 3 atk successes -- 2 stun / 3 persona.,Black IC 5 lands one final attack as you jack out: 3 atk successes -- 2 stun / 3 persona.,"ic_id, ic_type, ic_rating, attack_roll","f""Black IC {ic['rating']} lands one final attack as you jack out: {black['attack_roll']['successes']} atk successes -- {meat_boxes} {('stun' if is_non_lethal else 'phys')} / {persona_boxes} persona.""",
ic_attack,_black_ic_final_attack,12008,when state['condition_monitor']['physical_boxes'] >= 10 or state['condition_monitor']['stun_boxes'] >= 10,,Black IC MPCP attack at 2x rating: MPCP -1 (permanent).,Black IC MPCP attack at 2x rating: MPCP -1 (permanent).,"ic_id, ic_type, mpcp_roll, mpcp_damage",f'Black IC MPCP attack at 2x rating: MPCP -{mpcp_hit} (permanent).',
ic_crashed,_dinab_attack_ic,4455,when target_ic['boxes'] >= 10,,DINAB Attack-5 CRASHED Killer-5. Tally +1 -> 5,DINAB Attack CRASHED Killer-5. Security tally increased.,"ic_id, tally_increase","f""DINAB Attack-{eff} CRASHED {target_ic['type']}-{target_ic['rating']}. Tally +{applied} -> {state['security_tally']}""",
ic_crashed,_apply_ic_crash,9140,always (no local guard),,Killer-5 CRASHED. Tally +1 -> 5,Killer CRASHED. Security tally increased.,"ic_id, tally_increase","f""{target_ic['type']}-{target_ic['rating']} CRASHED. Tally +{applied} -> {state['security_tally']}{skulk_note}""",
ic_crashed,attack_ic,9301,when crashed,,Killer-5 CRASHED. Attack 3 vs Resist 3. Net Successes: 3. Tally +1 -> 5,Killer CRASHED. Attack 3 vs Resist 3. Net Successes: 3. Security tally increased.,"ic_id, tally_increase, attack_roll, resist_roll, net_successes, final_damage_level, boxes, ic_boxes","f""{target_ic['type']}-{target_ic['rating']} CRASHED. Attack {attack_roll['successes']} vs Resist {resist_roll['successes']}. Net Successes: {net_successes}. Tally +{applied} -> {state['security_tally']}{skulk_note}""",
ic_detected,_secret_sensor_test,5456,when new > prev,,Sensor sweep identifies a lurking IC. Type: Killer.,Sensor sweep identifies a lurking IC. Type: Killer.,"ic_id, detection_level, sensor_roll",f'Sensor sweep identifies a lurking IC. Type: {ic_type}.',
ic_released,_toggle_ic_suppression,4164,when release,,Suppressed IC released -- Detection Factor restored; 3.,Suppressed IC released -- Detection Factor restored; 3.,ic_id,f'Suppressed IC released -- Detection Factor restored; {tally_note}.',
ic_relocate,_apply_locate_ic,5872,when not hidden,,Locate IC sweep found no unlocated operational IC.,Locate IC sweep found no unlocated operational IC.,outcome,'Locate IC sweep found no unlocated operational IC.',
ic_relocate,_apply_locate_ic,5878,when not test_success,,Locate IC failed -- the hidden IC stays off your sensors this pass.,Locate IC failed -- the hidden IC stays off your sensors this pass.,outcome,'Locate IC failed -- the hidden IC stays off your sensors this pass.',
ic_relocate,_apply_locate_ic,5888,always (no local guard),,Locate IC found 0 operational IC icons. Analyze each icon to identify its type and rating.,Locate IC found 0 operational IC icons. Analyze each icon to identify its type and rating.,"outcome, count","f""Locate IC found {len(hidden)} operational IC icon{('s' if len(hidden) != 1 else '')}. Analyze each icon to identify its type and rating.""",
ic_slowed,_apply_slow,3918,when rating <= 0,,Slow offline (worn out or not loaded) -- load a Slow utility (Swap Memory) before you can slow a proactive IC.,Slow offline (worn out or not loaded) -- load a Slow utility (Swap Memory) before you can slow a proactive IC.,outcome,'Slow offline (worn out or not loaded) -- load a Slow utility (Swap Memory) before you can slow a proactive IC.',
ic_slowed,_apply_slow,3937,when target is None,,Slow-5: no eligible proactive IC present to slow.,Slow-5: no eligible proactive IC present to slow.,outcome,"f'Slow-{rating}: no active IC ""{tid}"" found to slow.' if tid else f'Slow-{rating}: no eligible proactive IC present to slow.'",
ic_slowed,_apply_slow,3962,when to_hit['successes'] <= 0,,Killer-5 vs Killer-3: missed (0 hits vs TN 3) -- the IC keeps its speed.,Killer vs Killer-3: missed (0 hits vs TN 3) -- the IC keeps its speed.,"outcome, ic_id, ic_type, ic_rating, decker_roll","f""{src}-{rating} vs {target['type']}-{ic_rating}: missed (0 hits vs TN {to_hit_tn}) -- the IC keeps its speed.""",
ic_slowed,_apply_slow,3975,when net <= 0,,The IC is unaffected by your Slow.,The IC is unaffected by your Slow.,"outcome, ic_id, ic_type, ic_rating, decker_roll, ic_roll, net_successes",'The IC is unaffected by your Slow.',
ic_slowed,_apply_slow,4002,always (no local guard),,Killer-5 beats Killer-3 on the opposed test (net 3) --,Killer beats Killer-3 on the opposed test (net 3) --,"outcome, ic_id, ic_type, ic_rating, decker_roll, ic_roll, net_successes, actions_lost, hung","f""{src}-{rating} beats {target['type']}-{ic_rating} on the opposed test (net {net}) -- {tail}""",
ic_suppressed,_toggle_ic_suppression,4197,else of release,,IC suppressed -- Detection Factor <df>.,IC suppressed -- Detection Factor <df>.,ic_id,f'IC suppressed -- Detection Factor {df}.',
ic_suppressed,_apply_control_action_result,8090,"else of _base_detection_factor(state, decker) - _suppressed_count(state) <= 1",,Relocate succeeded -- Killer-5 suppressed (trace paused in place; -1 Detection Factor; resumes if released).,Relocate succeeded -- Killer suppressed (trace paused in place; -1 Detection Factor; resumes if released).,ic_id,"f""Relocate succeeded -- {target['type']}-{target['rating']} suppressed (trace paused in place; -1 Detection Factor; resumes if released).""",
icon_scanned,scan_enemy_decker,11681,always (no local guard),,Scan Icon on Attack reveals nothing new ().,Scan Icon on Attack reveals nothing new ().,"success, enemy_id, decker_roll, scan_level",f'Scan Icon on {disp} reveals nothing new ({detail}).',
invalidate_passcode,_apply_control_action_result,8020,when body.action_type == 'invalidate_passcode' and test['success'],,Invalidate Passcode successful -- <?>'s passcode is erased; it flips to Intruding (revised to-hit TN) for the rest of the run.,Invalidate Passcode successful -- <?>'s passcode is erased; it flips to Intruding (revised to-hit TN) for the rest of the run.,"success, whole_list, flipped","f""Invalidate Passcode successful -- {flipped[0]}'s passcode is erased; it flips to Intruding (revised to-hit TN) for the rest of the run.""",
invalidate_passcode,_apply_control_action_result,8028,when body.action_type == 'invalidate_passcode',,Invalidate Passcode failed -- the host preserved its passcode tables.,Invalidate Passcode failed -- the host preserved its passcode tables.,success,'Invalidate Passcode failed -- the host preserved its passcode tables.',
jack_out,jack_out,12073,when black_ic is not None,,"Willpower Test (TN 3) SUCCEEDS (3 successes) -- you tear free, but Black IC 5 gets one final attack.","Willpower Test (TN 3) SUCCEEDS (3 successes) -- you tear free, but Black IC 5 gets one final attack.",roll,"f""Willpower Test (TN {tn}) SUCCEEDS ({wp_roll['successes']} success{('es' if wp_roll['successes'] != 1 else '')}) -- you tear free, but Black IC {black_ic.get('rating')} gets one final attack.""",
jack_out,jack_out,12101,always (no local guard),,Emergency jack-out. Dump shock: None (0 boxes stun).,Emergency jack-out. Dump shock: None (0 boxes stun).,dump_shock,"f""Emergency jack-out. Dump shock: {ds.get('final_level', 'None')} ({ds.get('boxes', 0)} boxes stun).""",
jack_out_failed,jack_out,12059,when wp_roll['successes'] <= 0,,Jack-out BLOCKED by Black IC 5 -- Willpower Test (TN 3) failed (3 successes). Still jacked in.,Jack-out BLOCKED by Black IC 5 -- Willpower Test (TN 3) failed (3 successes). Still jacked in.,roll,"f""Jack-out BLOCKED by Black IC {black_ic.get('rating')} -- Willpower Test (TN {tn}) failed ({wp_roll['successes']} success{('es' if wp_roll['successes'] != 1 else '')}). Still jacked in.""",
logoff_fail,_apply_graceful_logoff,9788,else of test['success'],,Graceful logoff FAILED. Net Successes: 3. Tally +3 -> 5. Still logged on -- try again or jack out (dump shock).,Graceful logoff FAILED. Net Successes: 3. Security tally increased. Still logged on -- try again or jack out (dump shock).,"action_label, subsystem, success, net_successes, target_number, target_number_concealed, decker_roll, host_roll, tally_increase","f""Graceful logoff FAILED. Net Successes: {test['decker_net_successes']}. Tally +{tally_increase} -> {state['security_tally']}. Still logged on -- try again or jack out (dump shock).""",
logoff_success,_apply_graceful_logoff,9770,when test['success'],,Graceful logoff successful. Net Successes: 3. All traces cleared. Run complete.,Graceful logoff successful. Net Successes: 3. All traces cleared. Run complete. Security tally increased.,"action_label, subsystem, success, net_successes, target_number, target_number_concealed, decker_roll, host_roll, tally_increase","f""Graceful logoff successful. Net Successes: {test['decker_net_successes']}. All traces cleared. Run complete.""",
logon,_advance_npc_pass,7596,when logon_completed,,Logged on to host successfully. Detection Factor: 3.,Logged on to host successfully. Detection Factor: 3.,,f'Logged on to host successfully. Detection Factor: {det_factor}.',
logon,perform_action,8903,when logon_completed,,Logged on to host successfully. Detection Factor: 3.,Logged on to host successfully. Detection Factor: 3.,,f'Logged on to host successfully. Detection Factor: {det_factor}.',
maneuver,_clear_evade,5557,when redetected,,Attack re-enters your sensors -- back in contact.,Attack re-enters your sensors -- back in contact.,"maneuver, actor_id",f'{label} re-enters your sensors -- back in contact.' if was_hidden else f'{label} has re-detected your icon -- it can act against you again.',
maneuver,_apply_maneuver,5736,always (no local guard),,"You dance with the enemy, and no advantage is gained or lost.","You dance with the enemy, and no advantage is gained or lost.","maneuver, initiator, target_id, target, maneuvering_roll, opposing_roll, net_successes, success, position_choice","'You dance with the enemy, and no advantage is gained or lost.'",
maneuver,_resolve_npc_maneuver,5820,always (no local guard),,Attack jockeys for position but gains no edge (3 vs 2).,Attack jockeys for position but gains no edge (3 vs 2).,"maneuver, initiator, actor_id, actor, maneuvering_roll, opposing_roll, net_successes, success",f'{label} jockeys for position but gains no edge ({man_succ} vs {opp_succ}).',
medic_heal,_apply_medic,3205,when wound is None,,Attack: icon undamaged -- nothing to heal.,Attack: icon undamaged -- nothing to heal.,"healed, persona_boxes",f'{label}: icon undamaged -- nothing to heal.',
medic_heal,_apply_medic,3212,when utility_rating <= 0,,Medic offline (worn out or not loaded) -- reload a fresh copy via Swap Memory before it can heal the icon.,Medic offline (worn out or not loaded) -- reload a fresh copy via Swap Memory before it can heal the icon.,"healed, persona_boxes, wound_level",'Medic offline (worn out or not loaded) -- reload a fresh copy via Swap Memory before it can heal the icon.',
medic_heal,_apply_medic,3222,always (no local guard),,Attack-3 treats the light icon wound with 3 dice (TN 3): 3 successes -- 2 boxes healed. Icon damage now 3/10. Medic worn to 3 -- reload via Swap Memory.,Attack-3 treats the light icon wound with 3 dice (TN 3): 3 successes -- 2 boxes healed. Icon damage now 3/10. Medic worn to 3 -- reload via Swap Memory.,"wound_level, healed, persona_boxes, medic_rating, medic_remaining, decker_roll","f""{label}-{utility_rating} treats the {wound.lower()} icon wound with {pool} dice (TN {res['tn']}): {res['boxes_healed']} success{('' if res['boxes_healed'] == 1 else 'es')} -- {healed} box{('' if healed == 1 else 'es')} healed. Icon damage now {remaining_dmg}/10. "" + (f'Medic worn to {remaining_rating} -- reload via Swap Memory.' if remaining_rating > 0 else 'Medic burned out -- reload a fresh copy via Swap Memory.')",
new_pass,_open_next_decker_pass,10178,always (no local guard),,Turn 4/3 begins -- actions refreshed (2 AP + 1 Free) and Hacking Pool restored.,Turn 4/3 begins -- actions refreshed (2 AP + 1 Free) and Hacking Pool restored.,,f'Turn {current_pass + 1}/{total_passes} begins -- actions refreshed (2 AP + 1 Free) and Hacking Pool restored.',
new_turn,_announce_new_combat_round,10192,always (no local guard),,"Round 2 begins. Actions refreshed (effective initiative 3, 2 turns). Hacking Pool (3 -> 3).","Round 2 begins. Actions refreshed (effective initiative 3, 2 turns). Hacking Pool (3 -> 3).",,"f""Round {state['current_turn']} begins. Actions refreshed (effective initiative {init}, {passes} turn{('s' if passes != 1 else '')}). Hacking Pool ({old_hp} -> {hacking_pool_total}).""",
null_operation,_tick_active_download,4681,always (no local guard),,"Auto Null Operation covers the ongoing download of ""Payroll DB"" (SUCCESS). 2 rounds of transfer remaining.",Auto Null Operation -- SUCCESS (Net Successes: 3). Security tally increased.,"host_system_test, action_label, success, net_successes, target_number, subsystem, decker_roll, host_roll, tally_increase, tally_total, file_name, turns_left","f'''Auto Null Operation covers the ongoing download of ""{dl.get('file')}"" ({('SUCCESS' if test['success'] else 'FAILED')}). ''' + (f""{left} round{('s' if left != 1 else '')} of transfer remaining."" if left > 0 else 'Transfer complete.')",
one_shot_spent,_spend_one_shot,1790,"when isinstance(active_counts, dict)",,Attack spent one active One-Shot copy.,Attack spent one active One-Shot copy.,"utility, copies_remaining",f'{_action_label(key)} spent one active One-Shot copy.' + suffix,
one_shot_spent,_spend_one_shot,1798,always (no local guard),,Attack was a single-use (One-Shot) copy -- spent and gone from active memory. Swap Memory a fresh copy to use it again.,Attack was a single-use (One-Shot) copy -- spent and gone from active memory. Swap Memory a fresh copy to use it again.,utility,f'{_action_label(key)} was a single-use (One-Shot) copy -- spent and gone from active memory. Swap Memory a fresh copy to use it again.',
one_shot_wiped,_wipe_one_shot,1826,always (no local guard),,Tar IC corrupted ALL copies of the One-Shot Attack on the deck -- it cannot be reloaded.,Tar IC corrupted ALL copies of the One-Shot Attack on the deck -- it cannot be reloaded.,utility,f'Tar IC corrupted ALL copies of the One-Shot {_action_label(key)} on the deck -- it cannot be reloaded.',
paydata_aar,_finalize_paydata_haul,10652,always (no local guard),True,GM AAR -- no paydata survived to jack-out.,(admin-only -- not shown to players),"gm_only, count, total_mp, key_count, files",'GM AAR -- no paydata survived to jack-out.',
paydata_located,_apply_file_action_result,8167,when pool,,Paydata located: . All paydata on this host is now located.,Paydata located: . All paydata on this host is now located.,"all_located, files","'Paydata located: ' + ', '.join(parts) + '.' + (' All paydata on this host is now located.' if all_found else '')",
paydata_located,_apply_file_action_result,8175,else of pool,,Search complete -- no further paydata found.,Search complete -- no further paydata found.,,'Search complete -- no further paydata found.',
paydata_secured,_finalize_paydata_haul,10633,always (no local guard),,Run complete -- no paydata secured.,Run complete -- no paydata secured.,"count, total_mp, key_count",'Run complete -- no paydata secured.',
persona_crash,_resolve_ic_cybercombat,7026,when state['condition_monitor']['persona_boxes'] >= 10,,PERSONA CRASHED -- decker dumped from the Matrix!,PERSONA CRASHED -- decker dumped from the Matrix!,,'PERSONA CRASHED -- decker dumped from the Matrix!',
persona_crash,_advance_npc_pass,7528,when phys_full or stun_full,,BLACK IC -- <crit>!,BLACK IC -- <crit>!,,f'BLACK IC -- {crit}!',
persona_crash,_advance_npc_pass,7551,when state['condition_monitor']['persona_boxes'] >= 10 and (not state.get('icon_crashed')),,ICON CRASHED by Black IC -- connection holds. Black IC effective rating +2 (now 5). Decker can only attempt to jack out.,ICON CRASHED by Black IC -- connection holds. Black IC effective rating +2 (now 5). Decker can only attempt to jack out.,"ic_id, ic_type","f""ICON CRASHED by Black IC -- connection holds. Black IC effective rating +2 (now {ic['rating']}). Decker can only attempt to jack out.""",
persona_crash,_enemy_decker_take_turn,11309,"when did_icon_damage and (not state.get('run_ended')) and (cm.get('persona_boxes', 0) >= 10)",,PERSONA CRASHED by Enemy Decker (Razor) -- dumped (dump shock: 2).3,PERSONA CRASHED by Enemy Decker (Razor) -- dumped (dump shock: 2).3,enemy_id,f'PERSONA CRASHED by {_enemy_display_name(enemy)} -- dumped (dump shock: {shock}).{mpcp_note}',
probe_ic,_run_reactive_security_followup,7685,when probe['tally_increase'] > 0,,Something is examining your data trail. Tally +3 -> 3,Something is examining your data trail. Security tally increased.,"tally_increase, ic_id",f'Something is examining your data trail. Tally +{increase} -> {tally}',
probe_ic,_run_reactive_security_followup,7687,when level >= 1 or ic.get('analyzed'),,The Probe-5 finds no evidence of your actions this turn.,The Probe finds no evidence of your actions this turn.,ic_id,"f""The Probe-{ic['rating']} finds no evidence of your actions this turn.""",
program_decompressed,_apply_decompress_program,4812,when not name or ent is None,,"Decompress: no compressed program ""Attack"" in active memory to expand.","Decompress: no compressed program ""Attack"" in active memory to expand.",outcome,"f'Decompress: no compressed program ""{pretty}"" in active memory to expand.' if name else 'Decompress: name a compressed program in active memory to expand.'",
program_decompressed,_apply_decompress_program,4831,always (no local guard),,Decompressed Attack (rating 5) -- now usable in active memory.,Decompressed Attack (rating 5) -- now usable in active memory.,"outcome, program",f'Decompressed {pretty} (rating {rating}) -- now usable in active memory.',
purge_hog,_apply_direct_action,8424,when not infections,,No Hog virus to purge.,No Hog virus to purge.,,'No Hog virus to purge.',
purge_hog,_apply_direct_action,8457,else of not infections,,Purge FAILED (TN 4) -- Hog-5 persists.,Purge FAILED (TN 4) -- Hog-5 persists.,decker_roll,"f""Purge FAILED (TN {purge['tn']}) -- Hog-{infection.get('rating')} persists.""",
reactive_ic_resolved,_resolve_lurking_tar,10693,when result['ic_wins'],,Killer-5 triggered when Attack-3 executed! All copies of Attack wiped.,Killer triggered when Attack-3 executed! All copies of Attack wiped.,"ic_id, ic_type, outcome, ic_roll, util_roll","f""{lurking['type']}-{lurking['rating']} triggered when {utility_name}-{utility_rating} executed! "" + (f'All copies of {utility_name} wiped.' if is_tar_pit else f'All active copies of {utility_name} wiped.')",
reactive_ic_resolved,_resolve_lurking_tar,10728,else of result['ic_wins'],,"Killer-5 triggered when Attack-3 executed, but was ineffective!","Killer triggered when Attack-3 executed, but was ineffective!","ic_id, ic_type, outcome, ic_roll, util_roll","f""{lurking['type']}-{lurking['rating']} triggered when {utility_name}-{utility_rating} executed, but was ineffective!""",
redirect_placed,_apply_control_action_result,8111,when body.action_type == 'redirect_datatrail' and test['success'],,Redirect placed. Trace Factor +1 going forward (trace IC locates your jackpoint less easily). You cannot redirect again on this host.,Redirect placed. Trace Factor +1 going forward (trace IC locates your jackpoint less easily). You cannot redirect again on this host.,redirects_total,'Redirect placed. Trace Factor +1 going forward (trace IC locates your jackpoint less easily). You cannot redirect again on this host.',
relocate,_apply_control_action_result,8060,when target is None,,Relocate: no trace IC currently in its location cycle to spoof.,Relocate: no trace IC currently in its location cycle to spoof.,,'Relocate: no trace IC currently in its location cycle to spoof.',
relocate,_apply_control_action_result,8066,when target.get('suppressed'),,Relocate: Killer-5 is already suppressed.,Relocate: Killer-5 is already suppressed.,,"f""Relocate: {target['type']}-{target['rating']} is already suppressed.""",
relocate,_apply_control_action_result,8075,"when _base_detection_factor(state, decker) - _suppressed_count(state) <= 1",,"Relocate succeeded, but Detection Factor is at its minimum -- cannot suppress Killer-5 yet. It was spoofed for this turn AND the suppress offer is HELD: release another suppression from the SUPPRESSIONS panel to free 1 DF, then Suppress this trace there (offer lapses at end of turn).","Relocate succeeded, but Detection Factor is at its minimum -- cannot suppress Killer yet. It was spoofed for this turn AND the suppress offer is HELD: release another suppression from the SUPPRESSIONS panel to free 1 DF, then Suppress this trace there (offer lapses at end of turn).",ic_id,"f""Relocate succeeded, but Detection Factor is at its minimum -- cannot suppress {target['type']}-{target['rating']} yet. It was spoofed for this turn AND the suppress offer is HELD: release another suppression from the SUPPRESSIONS panel to free 1 DF, then Suppress this trace there (offer lapses at end of turn).""",
relocate,_apply_control_action_result,8100,else of body.suppress_trace,,Relocate succeeded -- Killer-5 spoofed for this turn (no trace progress this turn; resumes next turn unless spoofed again).,Relocate succeeded -- Killer spoofed for this turn (no trace progress this turn; resumes next turn unless spoofed again).,ic_id,"f""Relocate succeeded -- {target['type']}-{target['rating']} spoofed for this turn (no trace progress this turn; resumes next turn unless spoofed again).""",
restore_repair,_apply_restore,3518,when sum((repairable(a) for a in _BEMS_ORDER)) <= 0,,Restore: no temporary attribute damage to repair.,Restore: no temporary attribute damage to repair.,repaired,'Restore: no temporary attribute damage to repair.',
restore_repair,_apply_restore,3523,when utility_rating <= 0,,Restore offline (crashed or not loaded) -- reload a fresh copy via Swap Memory before it can repair attributes.,Restore offline (crashed or not loaded) -- reload a fresh copy via Swap Memory before it can repair attributes.,"repaired, attribute",'Restore offline (crashed or not loaded) -- reload a fresh copy via Swap Memory before it can repair attributes.',
restore_repair,_apply_restore,3535,always (no local guard),,Attack-3 repairs BOD with 3 dice (TN 3 = causing crippler rating): 3 successes -> 3 points restored. BOD now 0 (<Bod> damage remaining).,Attack-3 repairs BOD with 3 dice (TN 3 = causing crippler rating): 3 successes -> 3 points restored. BOD now 0 (<Bod> damage remaining).,"attribute, repaired, restore_rating, causing_rating, attribute_damage, decker_roll","f""{label}-{utility_rating} repairs {attr.upper()} with {pool} dice (TN {res['tn']} = causing crippler rating): {res['successes']} success{('' if res['successes'] == 1 else 'es')} -> {points} point{('' if points == 1 else 's')} restored. {attr.upper()} now {now} ({pd[attr]} damage remaining"" + (f', {floor} permanent chip -- not repairable' if floor > 0 else '') + ').'",
scramble_analyzed,_apply_analyze_icon,5195,when not already,,"Analyze Icon on ""Payroll DB"" -- EXPLODING Scramble IC detected. Defuse its linked data bomb BEFORE you decrypt (or crash it), or it detonates.","Analyze Icon on ""Payroll DB"" -- EXPLODING Scramble IC detected. Defuse its linked data bomb BEFORE you decrypt (or crash it), or it detonates.","subsystem, variant","f'Analyze Icon on ""{icon_label}"" -- ' + ('EXPLODING Scramble IC detected. Defuse its linked data bomb BEFORE you decrypt (or crash it), or it detonates.' if is_exploding else 'POISON Scramble IC detected. Decrypt it to reach the data; a failed decrypt may erase the file.')",
scramble_attack,crash_scramble,9429,always (no local guard),,Attacked Scramble IC: Attack 3 vs Resist 3. Dealt 2 boxes. Scramble: 2/10.,Attacked Scramble IC: Attack 3 vs Resist 3. Dealt 2 boxes. Scramble: 2/10.,"scramble_ref, success, attack_roll, resist_roll, net_successes, boxes, scramble_boxes","f""Attacked Scramble IC: Attack {attack_roll['successes']} vs Resist {resist_roll['successes']}. "" + ('No damage.' if boxes <= 0 else f'Dealt {boxes} boxes.') + f"" Scramble: {min(10, scramble['boxes'])}/10.""",
scramble_crashed,crash_scramble,9460,when crashed,,Scramble IC CRASHED. Tally +1 -> 5.,Scramble IC CRASHED. Security tally increased.,"scramble_ref, tally_increase, suppression_id","f""Scramble IC CRASHED. Tally +{applied} -> {state['security_tally']}.""",
scramble_found,_apply_analysis_action_result,7829,when body.action_type == 'analyze_subsystem' and test['success'],,EXPLODING Scramble IC detected on the Files subsystem (Razor) -- defuse its linked data bomb before you decrypt or crash it.,EXPLODING Scramble IC detected on the Files subsystem (Razor) -- defuse its linked data bomb before you decrypt or crash it.,"scramble_ref, subsystem, variant","f""{('EXPLODING' if is_exploding else 'POISON')} Scramble IC detected on the {subsystem.capitalize()} subsystem ({player_label}) -- "" + ('defuse its linked data bomb before you decrypt or crash it.' if is_exploding else 'decrypt it before operating on the protected data.')",
scramble_poison,_scramble_poison_react,477,always (no local guard),,POISON Scramble reacted to your attack and ERASED the protected data -- it is gone.,POISON Scramble reacted to your attack and ERASED the protected data -- it is gone.,"success, data_destroyed, key_data_lost, files_destroyed",'POISON Scramble reacted to your attack and ERASED the protected data -- it is gone.' if destroyed else 'POISON Scramble reacted to your attack but its erase test missed -- the data survives.',
security_analyzed,_apply_analysis_action_result,7942,when body.action_type == 'analyze_security' and test['success'],,"Analyze Security -- Security Rating Green-3, security tally 3, alert status <ALERT> (as of round 3).","Analyze Security -- Security Rating Green-3, security tally 3, alert status <ALERT> (as of round 3).","known_tally, known_alert","f""Analyze Security -- Security Rating {snapshot['security_code']}-{snapshot['security_value']}, security tally {snapshot['tally']}, alert status {snapshot['alert'].upper()} (as of round {snapshot['turn']}).""",
shield_parry,_shield_parry,2922,always (no local guard),,<description>,<description>,"context, shield_rating, shield_remaining, successes, roll","event['description'].replace(f"" (TN {res['tn']})."", f"" against {context} (TN {res['tn']})."")",
shutdown,_process_host_shutdown_countdown,10121,when remaining <= 0,,HOST SHUTDOWN COMPLETE -- all online deckers are dumped (Dump Shock); every frame and program crashes and all operations terminate.,HOST SHUTDOWN COMPLETE -- all online deckers are dumped (Dump Shock); every frame and program crashes and all operations terminate.,dump_shock,'HOST SHUTDOWN COMPLETE -- all online deckers are dumped (Dump Shock); every frame and program crashes and all operations terminate.',
shutdown_detected,_process_host_shutdown_countdown,10147,when roll['successes'] > 0,,Your Sensors catch it: the HOST IS SHUTTING DOWN -- roughly 2 rounds until you are dumped. Get out.,Your Sensors catch it: the HOST IS SHUTTING DOWN -- roughly 2 rounds until you are dumped. Get out.,"turns_remaining, roll","f""Your Sensors catch it: the HOST IS SHUTTING DOWN -- roughly {remaining} round{('s' if remaining != 1 else '')} until you are dumped. Get out.""",
shutdown_tick,_process_host_shutdown_countdown,10155,else of roll['successes'] > 0,True,(GM) Host shutdown in progress: 2 rounds left; the decker's secret Sensor Test (TN 2) failed -- still unaware.,(admin-only -- not shown to players),"gm_only, turns_remaining","f""(GM) Host shutdown in progress: {remaining} round{('s' if remaining != 1 else '')} left; the decker's secret Sensor Test (TN {max(2, remaining)}) failed -- still unaware.""",
shutdown_tick,_process_host_shutdown_countdown,10165,always (no local guard),,Host shutdown: 2 rounds until you are dumped.,Host shutdown: 2 rounds until you are dumped.,turns_remaining,"f""Host shutdown: {remaining} round{('s' if remaining != 1 else '')} until you are dumped.""",
shutdown_warning,_process_host_shutdown_countdown,10133,"when cd['elapsed'] >= int(cd.get('final_warning_turn', 1) or 1)",,FINAL WARNING -- the host announces it is shutting down. 2 rounds until every decker is dumped. Grab paydata and get out.,FINAL WARNING -- the host announces it is shutting down. 2 rounds until every decker is dumped. Grab paydata and get out.,turns_remaining,"f""FINAL WARNING -- the host announces it is shutting down. {remaining} round{('s' if remaining != 1 else '')} until every decker is dumped. Grab paydata and get out.""",
simsense_overload,_resolve_ic_cybercombat,7018,when not sim.get('immune') and sim.get('stun_taken'),,Simsense overload! Willpower test failed (TN 4). 1 Stun damage.,Simsense overload! Willpower test failed (TN 4). 1 Stun damage.,roll,"f""Simsense overload! Willpower test failed (TN {sim['tn']}). 1 Stun damage.""",
suppression_added,_toggle_entry_suppression,4058,"when not _finalize_data_bomb_suppression(state, entry, suppressed=True)",,Suppressed (Attack) -- Detection Factor <df>; tally of 5 suppressed.,Suppressed (Attack) -- Detection Factor <df>; tally of 5 suppressed.,suppression_id,f'Suppressed ({label}) -- Detection Factor {df}; tally of {rating} suppressed.',
suppression_overflow,_resolve_attribute_attack,3417,when overflow_after > overflow_before,,Masking damage reduced your Detection Factor. You can no longer maintain all suppressed IC; release 1 suppression before continuing.,Masking damage reduced your Detection Factor. You can no longer maintain all suppressed IC; release 1 suppression before continuing.,,"f""Masking damage reduced your Detection Factor. You can no longer maintain all suppressed IC; release {overflow_after} suppression{('s' if overflow_after != 1 else '')} before continuing.""",
suppression_released,_toggle_entry_suppression,4039,"when not _finalize_data_bomb_suppression(state, entry, suppressed=False)",,Suppression released (Attack) -- Detection Factor restored; 3.,Suppression released (Attack) -- Detection Factor restored; 3.,suppression_id,f'Suppression released ({label}) -- Detection Factor restored; {tally_note}.',
suppressions_flushed,_flush_pending_suppressions,4092,when flushed,,1 pending suppression decision(s) auto-accepted at pass/turn end -- held-back security tally now applies.,1 pending suppression decision(s) auto-accepted at pass/turn end -- held-back security tally now applies.,,f'{flushed} pending suppression decision(s) auto-accepted at pass/turn end -- held-back security tally now applies.',
swap_memory,_apply_direct_action,8328,"when body.action_type in {'swap_memory', 'unload_program'}",,Purge FAILED (TN 4) -- Hog-5 persists.,Purge FAILED (TN 4) -- Hog-5 persists.,,"f""Purge FAILED (TN {purge['tn']}) -- Hog-{infection.get('rating')} persists.""",
tapeworm_payload_loss,_apply_tapeworm_run_end,10554,when not destroyed,,"Tapeworm-5 activates on jack-out but finds nothing to corrupt (rolled 1 non-key deletions, key roll <key_roll>).","Tapeworm activates on jack-out but finds nothing to corrupt (rolled 1 non-key deletions, key roll <key_roll>).","ic_id, destroyed_files, key_erased, key_roll","f""Tapeworm-{_wm.get('rating')} activates on jack-out but finds nothing to corrupt (rolled {n_delete} non-key deletions"" + (f', key roll {key_roll}' if key else '') + ').'",
tapeworm_payload_loss,_apply_tapeworm_run_end,10570,always (no local guard),,TAPEWORM-5 corrupts your haul on jack-out: 0 file(s) erased () -- KEY DATA LOST.,TAPEWORM corrupts your haul on jack-out: 0 file(s) erased () -- KEY DATA LOST.,"ic_id, destroyed_files, key_erased, key_roll","f""TAPEWORM-{_wm.get('rating')} corrupts your haul on jack-out: {len(destroyed)} file(s) erased ({', '.join(destroyed)})"" + (' -- KEY DATA LOST.' if key_erased else '.')",
tar_pit_corruption,_resolve_lurking_tar,10708,when is_tar_pit and result.get('all_copies_corrupted'),,Tar Pit: ALL copies of Attack corrupted -- gone for the rest of the run (cannot be reloaded via Swap Memory).,Tar Pit: ALL copies of Attack corrupted -- gone for the rest of the run (cannot be reloaded via Swap Memory).,"utility, tar_pit_roll",f'Tar Pit: ALL copies of {utility_name} corrupted -- gone for the rest of the run (cannot be reloaded via Swap Memory).',
tar_steamrolled,_apply_steamroller,3771,when rating <= 0,,Steamroller offline (worn out or not loaded) -- load a Steamroller utility (Swap Memory) before you can crush a tar IC.,Steamroller offline (worn out or not loaded) -- load a Steamroller utility (Swap Memory) before you can crush a tar IC.,destroyed,'Steamroller offline (worn out or not loaded) -- load a Steamroller utility (Swap Memory) before you can crush a tar IC.',
tar_steamrolled,_apply_steamroller,3796,when target is None,,Steamroller-5: no tar IC present to crush.,Steamroller-5: no tar IC present to crush.,destroyed,"f'Steamroller-{rating}: no lurking tar IC ""{tid}"" found.' if tid else f'Steamroller-{rating}: no tar IC present to crush.'",
tar_steamrolled,_apply_steamroller,3824,when not res['crashed'],,Killer-5 hits Killer-0 for M (3/2) -- it holds and stays lurking.,Killer hits Killer-0 for M (3/2) -- it holds and stays lurking.,"destroyed, ic_id, ic_type, decker_roll","f""{src}-{rating} hits {target['type']}-{target.get('rating', 0)} for {res['damage_level']} ({res['total_boxes']}/{res['tar_cm']}) -- it holds and stays lurking.""",
tar_steamrolled,_apply_steamroller,3847,always (no local guard),,Killer-5 CRUSHES Killer-3 (M). Tally +1 -> 5,Killer CRUSHES Killer-3 (M). Security tally increased.,"destroyed, ic_id, ic_type, decker_roll, tally_increase","f""{src}-{rating} CRUSHES {target['type']}-{ic_rating} ({res['damage_level']}). Tally +{applied} -> {state['security_tally']}{note}""",
trap_door_entered,trap_door_action,9998,always (no local guard),,"Entered trap door -- suspended ""Payroll DB"" and arrived at host ""Payroll DB"". Logon to continue (logoff or crash this host to drop back).","Entered trap door -- suspended ""Payroll DB"" and arrived at host ""Payroll DB"". Logon to continue (logoff or crash this host to drop back).","trap_door_id, destination_host_id","f'Entered trap door -- suspended ""{src_host.name}"" and arrived at host ""{dest_host.name}"". Logon to continue (logoff or crash this host to drop back).'",
trap_door_found,_apply_analysis_action_result,7803,when body.action_type == 'analyze_subsystem' and test['success'],,Concealed port detected on the Files subsystem (Datastore) -- it links to another system. Destination unknown until you enter it.,Concealed port detected on the Files subsystem (Datastore) -- it links to another system. Destination unknown until you enter it.,"trap_door_id, subsystem, source_piece",f'Concealed port detected on the {subsystem.capitalize()} subsystem' + (f' ({source_piece})' if source_piece else '') + ' -- it links to another system. Destination unknown until you enter it.',
trap_door_return,_pop_host_stack,9913,always (no local guard),,"Dropped back through the trap door from ""Frame"" to ""Killer"" -- still jacked in.","Dropped back through the trap door from ""Frame"" to ""Killer"" -- still jacked in.",,"f'Dropped back through the trap door from ""{child_name}"" to ""{parent_name}"" -- still jacked in.'",
validate_passcode,_apply_control_action_result,7985,when body.action_type == 'validate_passcode' and test['success'],,Validate Passcode successful -- Legitimate status granted.,Validate Passcode successful -- Legitimate status granted.,success,'Validate Passcode successful -- Legitimate status granted.',
validate_passcode,_apply_control_action_result,7994,when body.action_type == 'validate_passcode',,Validate Passcode failed -- the host rejected the plant.,Validate Passcode failed -- the host rejected the plant.,success,'Validate Passcode failed -- the host rejected the plant.',
worm_disinfected,_apply_disinfect,3669,when worm is None,,Disinfect-5: the files subsystem scans clean -- no worm found.,Disinfect -- SUCCESS (Net Successes: 3). Security tally increased.,"host_system_test, action_label, subsystem, success, net_successes, target_number, decker_roll, host_roll, tally_increase, tally_total, destroyed","f'Disinfect-{rating}: no lurking worm ""{tid}"" found.' if tid else f'Disinfect-{rating}: the {subsystem} subsystem scans clean -- no worm found.'",
worm_disinfected,_apply_disinfect,3675,when res['worm_destroyed'],,Disinfect-5 sweeps the files subsystem (TN 3): 3 successes -- Worm-4 destroyed. No security alert (maintenance op).,Disinfect -- SUCCESS (Net Successes: 3). Security tally increased.,"host_system_test, action_label, subsystem, success, net_successes, target_number, decker_roll, host_roll, tally_increase, tally_total, destroyed, ic_id, ic_type","f""Disinfect-{rating} sweeps the {subsystem} subsystem (TN {res['tn']}): {res['roll']['successes']} success{('' if res['roll']['successes'] == 1 else 'es')} -- Worm-{worm['rating']} destroyed. No security alert (maintenance op).""",
worm_disinfected,_apply_disinfect,3711,else of wr['mpcp_infected'],,"Disinfect-5 failed to destroy Worm-4 on the files subsystem (TN 3), but the MPCP shrugged off the infection (host 6d6 vs MPCP TN 6, net 2). The worm is still lurking.",Disinfect -- FAILED (Net Successes: -1).,"host_system_test, action_label, subsystem, success, net_successes, target_number, decker_roll, host_roll, tally_increase, tally_total, destroyed, ic_id, ic_type, infection_roll","f""Disinfect-{rating} failed to destroy Worm-{worm['rating']} on the {subsystem} subsystem (TN {res['tn']}), but the MPCP shrugged off the infection (host {wr['roll']['pool']}d6 vs MPCP TN {wr['tn']}, net {wr['net_successes']}). The worm is still lurking.""",
worm_resolved,_apply_disinfect,3699,when wr['mpcp_infected'],,"Disinfect-5 FAILED on the files subsystem (TN 3) -- Worm-4 infected the MPCP (Infection Test: host 6d6 vs MPCP TN 6, net 2 after Hardening). Chip replacement required (permanent).",Hidden IC activity on the Files subsystem infected your MPCP. The chip requires replacement.,"host_system_test, action_label, subsystem, success, net_successes, target_number, decker_roll, host_roll, tally_increase, tally_total, ic_id, ic_type, outcome, roll","f""Disinfect-{rating} FAILED on the {subsystem} subsystem (TN {res['tn']}) -- Worm-{worm['rating']} infected the MPCP (Infection Test: host {wr['roll']['pool']}d6 vs MPCP TN {wr['tn']}, net {wr['net_successes']} after Hardening). Chip replacement required (permanent).""",
worm_resolved,_resolve_lurking_worm,10467,when wr['mpcp_infected'],,Your System Teston the Files subsystem tripped a Worm-5 -- it infected the MPCP causing permanent infection. Infection Test: host 6d6 vs MPCP TN 6 scored 3 successes; Hardening-2 reduced that to 3 net successes.,Hidden IC activity on the Files subsystem infected your MPCP. The chip requires replacement.,"ic_id, ic_type, outcome, variant, roll, subsystem","f""Your System Test{_where} tripped a {_vlabel}-{lurking['rating']} -- it infected the MPCP causing permanent infection.{_payload} Infection Test: host {wr['roll']['pool']}d6 vs MPCP TN {wr['tn']} scored {_successes(raw_successes)}; Hardening-{hardening} reduced that to {net_successes} net success{('es' if net_successes != 1 else '')}.""",
worm_resolved,_resolve_lurking_worm,10481,else of wr['mpcp_infected'],,A Worm-5on the Files subsystem tried to infect your MPCP but was repelled. Infection Test scored 3 successes; Hardening-2 reduced that to 3 net successes. Worm still lurking.,Hidden IC activity on the Files subsystem tried to infect your MPCP but was repelled.,"ic_id, ic_type, outcome, roll, subsystem","f""A {_rlabel}-{lurking['rating']}{_where} tried to infect your MPCP but was repelled. Infection Test scored {_successes(raw_successes)}; Hardening-{hardening} reduced that to {net_successes} net success{('es' if net_successes != 1 else '')}. Worm still lurking.""",
(dynamic),_check_and_activate_sheaf,2187,always (no local guard),,(payload built dynamically in `_check_and_activate_sheaf` -- see source),--,,ev,
